Title, Company, Location, URL
Senior Software Engineer (React  GraphQL / Apollo  NextJS) - Remote, G2i Inc., Americas Only/Europe Only,https://weworkremotely.com/remote-jobs/g2i-inc-senior-software-engineer-react-graphql-apollo-nextjs-remote
μ—°ν•©μΈν¬λ§¥μ¤ R&Dκ°λ° μ‹ μ…/κ²½λ ¥ (μ „λ¬Έμ—°κµ¬μ”μ› ν¬ν•¨) ~12/12(μ›”) λ§κ°μ μ „μ²΄ μ„Έλ¶€ μ •λ³΄, μ—°ν•©μΈν¬λ§¥μ¤, μ„μΈ μΆ…λ΅κµ¬,https://kr.indeed.com/rc/clk?jk=4d9cd85b61754c6a&fccid=c0cba40e6676323a&vjs=3
Front-end Developerμ μ „μ²΄ μ„Έλ¶€ μ •λ³΄, ν¬λν”„νΈν…ν¬λ†€λ΅μ§€μ¤, μ„μΈ μλ“±ν¬κµ¬,https://kr.indeed.com/rc/clk?jk=baac449478aa1d96&fccid=2775f62c77fd9b9e&vjs=3
μ›Ή ν”„λ΅ νΈμ—”λ“ μ—”μ§€λ‹μ–΄μ μ „μ²΄ μ„Έλ¶€ μ •λ³΄, λ±…ν¬μƒλ¬λ“, μ„μΈ μλ“±ν¬κµ¬,https://kr.indeed.com/rc/clk?jk=8a69b59eaffabb56&fccid=35209469e1b8c72c&vjs=3
R&D κ°λ° μ‹ μ…/κ²½λ ¥ μ±„μ©μ μ „μ²΄ μ„Έλ¶€ μ •λ³΄, μ—°ν•©μΈν¬λ§¥μ¤, μ„μΈ μμ†΅λ™,https://kr.indeed.com/rc/clk?jk=0cfc2422605971cc&fccid=c0cba40e6676323a&vjs=3
[EYν•μ] μ„Έλ¬΄λ³Έλ¶€ PAS ν€ IT κ°λ° λ‹΄λ‹Ή μ±„μ©μ μ „μ²΄ μ„Έλ¶€ μ •λ³΄, EY, μ„μΈ μλ“±ν¬κµ¬,https://kr.indeed.com/rc/clk?jk=37b4fa15c10fa852&fccid=1544766d4c2915b0&vjs=3
Pala Backend engineer κ²½λ ¥ μ •κ·μ§μ μ „μ²΄ μ„Έλ¶€ μ •λ³΄, ν”λΌ, μ„±λ‚¨ λ¶„λ‹Ήκµ¬,https://kr.indeed.com/rc/clk?jk=a86294dbdeecdf94&fccid=62086f4e9fd74de9&vjs=3
[μ„λ©”ν”„μ„λΉ„μ¤] ν”„λ΅ νΈμ—”λ“ κ°λ°μμ μ „μ²΄ μ„Έλ¶€ μ •λ³΄, μ„λ©”ν”„, λ€ν•λ―Όκµ­,https://kr.indeed.com/rc/clk?jk=cd4215f2e3c50f03&fccid=2f8799a5ef214646&vjs=3
Front End Developer, BrickSeek, π Worldwide,https://remoteok.com/remote-jobs/110607-remote-front-end-developer-brickseek
