title, company, url
[KREAM] Internal Product Frontend 개발자의 전체 세부 정보,('크림', {'https://kr.indeed.com/rc/clk?jk=f5db706c3a8d740d&fccid=146c028635667214&vjs=3'})
IT부문 신입/경력 직원 수시의 전체 세부 정보,('한국전자금융', {'https://kr.indeed.com/rc/clk?jk=2d4c8f25b750457c&fccid=05b9e3e68be655f0&vjs=3'})
웹/앱 프로그래머의 전체 세부 정보,('웹비즈크리에이티브', {'https://kr.indeed.com/rc/clk?jk=93733609bed2956f&fccid=6b56d24800c0af24&vjs=3'})
[이지앤웰니스] 웹(JAVA)개발 및 운영 경력 인재의 전체 세부 정보,('이지앤웰니스', {'https://kr.indeed.com/rc/clk?jk=8c59bac2184b3a7a&fccid=a9ba6bf8f880e537&vjs=3'})
Web Front-End개발 직원의 전체 세부 정보,('서울시스템', {'https://kr.indeed.com/rc/clk?jk=50658d8c7602ce84&fccid=668867f987e72b1b&vjs=3'})
Front-end Engineer의 전체 세부 정보,('ANGELSWING', {'https://kr.indeed.com/rc/clk?jk=225b907c9a778e7e&fccid=0a64f3faaaf0a00c&vjs=3'})
Software Engineer (Front-End Web)의 전체 세부 정보,('TalentMatters', {'https://kr.indeed.com/rc/clk?jk=9de2be96bd36b77a&fccid=d5735b574ae38a12&vjs=3'})
Reinsurance & Product Manager의 전체 세부 정보,('AIG', {'https://kr.indeed.com/rc/clk?jk=1d1d079d74b6928f&fccid=9a92a4bf81326e1e&vjs=3'})
대기업 React 기발 운영 개발 하실 분의 전체 세부 정보,('아이이에이', {'https://kr.indeed.com/rc/clk?jk=f2621cb1df4471c4&fccid=4f8894fe45617618&vjs=3'})
TMS 제품 Web 개발자의 전체 세부 정보,('안랩', {'https://kr.indeed.com/rc/clk?jk=2d767556da50ff85&fccid=0b88b2af6686dd2b&vjs=3'})
솔루션 개발자 채용의 전체 세부 정보,('이피피에스', {'https://kr.indeed.com/rc/clk?jk=86c9a2a2243c9eb8&fccid=f5b7bb449422d736&vjs=3'})
연합인포맥스 R&D개발 신입/경력 (전문연구요원 포함) ~12/12(월) 마감의 전체 세부 정보,('연합인포맥스', {'https://kr.indeed.com/rc/clk?jk=4d9cd85b61754c6a&fccid=c0cba40e6676323a&vjs=3'})
22년 12월 비상교육 IT직무(AI 개발 퍼블리싱) 수시채용(경력)의 전체 세부 정보,('비상교육', {'https://kr.indeed.com/rc/clk?jk=60d786987f0ac339&fccid=b787a1d701399504&vjs=3'})
웹 개발 사원 구인의 전체 세부 정보,('꿀비', {'https://kr.indeed.com/rc/clk?jk=132553626852e670&fccid=ebfbd1d5051bf9c7&vjs=3'})
프론트엔드 개발자의 전체 세부 정보,('뉴로핏', {'https://kr.indeed.com/rc/clk?jk=0eec26b801473802&fccid=23cbc8f59060f439&vjs=3'})
AI Solution Front-End 웹개발자 정규직 채용의 전체 세부 정보,('KPMG-Korea', {'https://kr.indeed.com/rc/clk?jk=d2dd437ea995eb7e&fccid=2dd390c3a48a7ed0&vjs=3'})
디지털부문 경력직 채용[FrontEnd]의 전체 세부 정보,('삼성증권', {'https://kr.indeed.com/rc/clk?jk=ccae3154f0f73cd2&fccid=9d519296248b9326&vjs=3'})
[컨설팅] MCS2본부-DSP2 -연결 회계  관리회계  그룹 경영관리  마이크로소프트 및 IT컨설턴트 채용의 전체 세부 정보,('KPMG-Korea', {'https://kr.indeed.com/rc/clk?jk=0cacde10af18a9cd&fccid=2dd390c3a48a7ed0&vjs=3'})
[쎄듀] 교육플랫폼(쎄듀런) React 프론트엔드 개발자의 전체 세부 정보,('쎄듀', {'https://kr.indeed.com/rc/clk?jk=a014f340f36e4315&fccid=0c27308de70b1b2a&vjs=3'})
지식 콘텐츠 전문 기업 (매출 135억) 개발운영팀장의 전체 세부 정보,('인파트너스', {'https://kr.indeed.com/rc/clk?jk=f2fe0c403ad32915&fccid=e65c7a7fd4f89d1c&vjs=3'})
(Securities) Permanent_Compliance의 전체 세부 정보,('BNP Paribas', {'https://kr.indeed.com/rc/clk?jk=bb2e014be9794e47&fccid=1392500f835bba92&vjs=3'})
[인텔리전스랩스] 빌링 서비스 프론트/백엔드 개발자 (C#  Java)의 전체 세부 정보,('Nexon', {'https://kr.indeed.com/rc/clk?jk=14b99427e00dbad7&fccid=aba87288e4cc3687&vjs=3'})
Front-End 개발자 모집의 전체 세부 정보,('엔씨소프트', {'https://kr.indeed.com/rc/clk?jk=e5c8dd6951b017d1&fccid=a1e4e21b1f33cf40&vjs=3'})
웹 프론트엔드 엔지니어의 전체 세부 정보,('뱅크샐러드', {'https://kr.indeed.com/rc/clk?jk=8a69b59eaffabb56&fccid=35209469e1b8c72c&vjs=3'})
웹풀스택 개발자 FullStack Web Developer의 전체 세부 정보,('더마르스', {'https://kr.indeed.com/rc/clk?jk=66142c4bdd7d72a4&fccid=d77a2d3f2ee9fa13&vjs=3'})
클라이언트 개발자의 전체 세부 정보,('슬로그업', {'https://kr.indeed.com/rc/clk?jk=8906a465f2d96bd4&fccid=4b16db71a0c9c0ff&vjs=3'})
Front-end 개발자 (React  React Native)의 전체 세부 정보,('쉐어잇', {'https://kr.indeed.com/rc/clk?jk=27378cbd3bc04297&fccid=7dc5a68cd7d61777&vjs=3'})
웹/앱 개발자(Front-end Developer) 정규직 (시 까지)의 전체 세부 정보,('브이투씨', {'https://kr.indeed.com/rc/clk?jk=705aa9bcc365df8d&fccid=72d38bd213e9db76&vjs=3'})
Front-end Developer의 전체 세부 정보,('크래프트테크놀로지스', {'https://kr.indeed.com/rc/clk?jk=baac449478aa1d96&fccid=2775f62c77fd9b9e&vjs=3'})
프론트엔드 웹개발 직원 구인의 전체 세부 정보,('재이스퀘어', {'https://kr.indeed.com/rc/clk?jk=62f7d00c8ed92637&fccid=f10cb52a980e3986&vjs=3'})
(경력) 커머스 솔루션 및 프로젝트 개발자의 전체 세부 정보,('매디브', {'https://kr.indeed.com/rc/clk?jk=b7c7f6a868f571c0&fccid=cfe06628072cc5b2&vjs=3'})
Software Engineer Intern - Autonomous Fleet System의 전체 세부 정보,('Seoul Robotics', {'https://kr.indeed.com/rc/clk?jk=130ac85864620612&fccid=622cfccd9f04f738&vjs=3'})
JAVA 개발자의 전체 세부 정보,('소프트넷', {'https://kr.indeed.com/rc/clk?jk=9e9546c63839fa5c&fccid=69b5a40c7def5e64&vjs=3'})
[Manta] React Native 앱 엔지니어의 전체 세부 정보,('RIDI Corp', {'https://kr.indeed.com/rc/clk?jk=c39de9435e6f518a&fccid=ba4215b904dee414&vjs=3'})
React Native 엔지니어의 전체 세부 정보,('RIDI Corp', {'https://kr.indeed.com/rc/clk?jk=f5ea45138e18b92f&fccid=ba4215b904dee414&vjs=3'})
프론트엔드 엔지니어의 전체 세부 정보,('RIDI Corp', {'https://kr.indeed.com/rc/clk?jk=e8ee0b083019bc13&fccid=ba4215b904dee414&vjs=3'})
안드로이드 엔지니어의 전체 세부 정보,('RIDI Corp', {'https://kr.indeed.com/rc/clk?jk=54804219f0e7473b&fccid=ba4215b904dee414&vjs=3'})
iOS 엔지니어의 전체 세부 정보,('RIDI Corp', {'https://kr.indeed.com/rc/clk?jk=c4171f2141509f51&fccid=ba4215b904dee414&vjs=3'})
[Project Plus] Scenario Writing (3년 ~ 10년)의 전체 세부 정보,('크래프톤', {'https://kr.indeed.com/rc/clk?jk=8d26ccb08b8cd38d&fccid=0aeb279b74dee723&vjs=3'})
Tech/IT 직군 11월 공개의 전체 세부 정보,('교원그룹', {'https://kr.indeed.com/rc/clk?jk=1ab91a15bbe6d70a&fccid=dd616958bd9ddc12&vjs=3'})
프론트엔드 웹개발자의 전체 세부 정보,('재이스퀘어', {'https://kr.indeed.com/rc/clk?jk=fca2c71490b953bf&fccid=f10cb52a980e3986&vjs=3'})
3D WebGL 개발자의 전체 세부 정보,('나모웹비즈', {'https://kr.indeed.com/rc/clk?jk=3163435232f86b50&fccid=c4d3c277618f0214&vjs=3'})
[인텔리전스랩스] 거래플랫폼팀 백엔드 개발자 (Java/C#)의 전체 세부 정보,('Nexon', {'https://kr.indeed.com/rc/clk?jk=dddb5dea33db6da0&fccid=aba87288e4cc3687&vjs=3'})
Node.js Back-end 개발자 팀원 구해요(보충역 가능)의 전체 세부 정보,('페칭', {'https://kr.indeed.com/rc/clk?jk=ada6de5bb63787e1&fccid=b49e7030d0eebf6b&vjs=3'})
[NFT Metaverse Dept.] Server Programmer (신입 ~ 10년)의 전체 세부 정보,('크래프톤', {'https://kr.indeed.com/rc/clk?jk=07c30a35c3b10f45&fccid=0aeb279b74dee723&vjs=3'})
[Project Plus] Environment 3D Art (5년 이상)의 전체 세부 정보,('크래프톤', {'https://kr.indeed.com/rc/clk?jk=bf9ee0fe1bfb65af&fccid=0aeb279b74dee723&vjs=3'})
[BLUE Unit] 3D Environment Artist (5 yrs +)의 전체 세부 정보,('크래프톤', {'https://kr.indeed.com/rc/clk?jk=f6c561e1d434b6b3&fccid=0aeb279b74dee723&vjs=3'})
[BATTLEGROUNDS] Anti-Cheat 플랫폼 엔지니어 (2년 이상)의 전체 세부 정보,('크래프톤', {'https://kr.indeed.com/rc/clk?jk=9c39898b6496961c&fccid=0aeb279b74dee723&vjs=3'})
[SM]고급/JAVA/12개월/분당정자의 전체 세부 정보,('원스링크', {'https://kr.indeed.com/rc/clk?jk=3b49a43b0d9289d2&fccid=a552f4a0fadd5050&vjs=3'})
DOSI/LINE NFT Front-end Engineer의 전체 세부 정보,('라인넥스트', {'https://kr.indeed.com/rc/clk?jk=e8474da7813a9759&fccid=74a4810da0f72037&vjs=3'})
[Project Plus] Character 3D Art (5년 이상)의 전체 세부 정보,('크래프톤', {'https://kr.indeed.com/rc/clk?jk=5d53808fa6d206f0&fccid=0aeb279b74dee723&vjs=3'})
경력 백엔드 개발자의 전체 세부 정보,('텐일레븐', {'https://kr.indeed.com/rc/clk?jk=f14fecb8103440a7&fccid=0f5d2b7ae2acaa89&vjs=3'})
[NFT Metaverse Dept.] Front-end Programmer (3년 ~ 10년)의 전체 세부 정보,('크래프톤', {'https://kr.indeed.com/rc/clk?jk=9154c5c4d4b88e32&fccid=0aeb279b74dee723&vjs=3'})
[BLUE Unit] Sr. Server Programmer (10 yrs +)의 전체 세부 정보,('크래프톤', {'https://kr.indeed.com/rc/clk?jk=91c631b58aeefe96&fccid=0aeb279b74dee723&vjs=3'})
[CY] Front-end Developer의 전체 세부 정보,('크리에이티브옐로우', {'https://kr.indeed.com/rc/clk?jk=81c6b4a4e570b01b&fccid=85fccb767f1cedf7&vjs=3'})
[METABEAT] 개발자(Front-end/React Native/Back-end) 부문 경력의 전체 세부 정보,('메타비트', {'https://kr.indeed.com/rc/clk?jk=801d1b1c2d9b9cf9&fccid=7a38093f5084705e&vjs=3'})
중견 ARVR 솔루션 제공기업 웹퍼블리셔 정규직 경력(1년이상) (광교)의 전체 세부 정보,('인파트너스', {'https://kr.indeed.com/rc/clk?jk=da6643302ebf97aa&fccid=e65c7a7fd4f89d1c&vjs=3'})
React / React-Native 개발자 팀원 구해요(보충역 가능)의 전체 세부 정보,('페칭', {'https://kr.indeed.com/rc/clk?jk=dbcbff4a5d6c25a9&fccid=b49e7030d0eebf6b&vjs=3'})
[Engineering Div] Web Front-End Developer Senior (5년 이상)의 전체 세부 정보,('크래프톤', {'https://kr.indeed.com/rc/clk?jk=6e0f94dc624d5b13&fccid=0aeb279b74dee723&vjs=3'})
인프라칩과 함께하는 프론트엔드(Vue  React) 경력개발자의 전체 세부 정보,('인프라칩', {'https://kr.indeed.com/rc/clk?jk=4320d6399634f120&fccid=81b0da6ed88034f8&vjs=3'})
Software Engineer - Front-End의 전체 세부 정보,('Seoul Robotics', {'https://kr.indeed.com/rc/clk?jk=1689abc8c36e7398&fccid=622cfccd9f04f738&vjs=3'})
Software Engineer  iOS Engineer의 전체 세부 정보,('GigFinesse', {'https://kr.indeed.com/rc/clk?jk=e0c6fedca0b8d1ea&fccid=da75e93a17bdb7f1&vjs=3'})
[BLUE Unit] Server Programmer (5 yrs +)의 전체 세부 정보,('크래프톤', {'https://kr.indeed.com/rc/clk?jk=ac7879c940efedfd&fccid=0aeb279b74dee723&vjs=3'})
[BLUE Unit] Engine Programmer (5 yrs +)의 전체 세부 정보,('크래프톤', {'https://kr.indeed.com/rc/clk?jk=261a9b6127ffb81c&fccid=0aeb279b74dee723&vjs=3'})
[BLUE Unit] TA (5 yrs +)의 전체 세부 정보,('크래프톤', {'https://kr.indeed.com/rc/clk?jk=711c62dbefc1767e&fccid=0aeb279b74dee723&vjs=3'})
[BLUE Unit] Client Programmer (5 yrs +)의 전체 세부 정보,('크래프톤', {'https://kr.indeed.com/rc/clk?jk=4f5f8f2f53519373&fccid=0aeb279b74dee723&vjs=3'})
[BLUE Unit] 3D Environment Technical Artist (7 yrs +)의 전체 세부 정보,('크래프톤', {'https://kr.indeed.com/rc/clk?jk=11454eb21253ac71&fccid=0aeb279b74dee723&vjs=3'})
[BLUE Unit] Sr. Engine Programmer (10 yrs +)의 전체 세부 정보,('크래프톤', {'https://kr.indeed.com/rc/clk?jk=8fcaaedd082573c8&fccid=0aeb279b74dee723&vjs=3'})
[BLUE Unit] Sr. Client Programmer (10 yrs +)의 전체 세부 정보,('크래프톤', {'https://kr.indeed.com/rc/clk?jk=055f5e3022744332&fccid=0aeb279b74dee723&vjs=3'})
Senior HR Manager의 전체 세부 정보,('COS', {'https://kr.indeed.com/rc/clk?jk=bfa9e6da23184ac0&fccid=0389b020f641b0a5&vjs=3'})
Brand Designer의 전체 세부 정보,('Crypto.com', {'https://kr.indeed.com/rc/clk?jk=3235e512ea0d7cf2&fccid=18bfd14af40ab66a&vjs=3'})
[홈IoT 사업팀 개발그룹] 모바일 앱 개발의 전체 세부 정보,('직방', {'https://kr.indeed.com/rc/clk?jk=5935d1c94c5b2fe7&fccid=750d792cf813d448&vjs=3'})
[신입/경력] 풀스택 개발자의 전체 세부 정보,('구름', {'https://kr.indeed.com/rc/clk?jk=4c8891f42faa0a50&fccid=93116efd0859e0ce&vjs=3'})
게임플랫폼 프론트엔드 개발의 전체 세부 정보,('NHN', {'https://kr.indeed.com/rc/clk?jk=8b8e6db1c68f4b32&fccid=a72ebaf825acf7af&vjs=3'})
커머스 솔루션 및 웹 개발(JAVA React) 경력의 전체 세부 정보,('매디브', {'https://kr.indeed.com/rc/clk?jk=95e98f21931ecc0f&fccid=cfe06628072cc5b2&vjs=3'})
Senior React Native Developer: Long-term job - 100% remote,('Proxify AB', {'https://weworkremotely.com/remote-jobs/proxify-ab-senior-react-native-developer-long-term-job-100-remote'})
Senior Open Source Developer & DevOps (Python  Django  React  AWS/OpenStack),('OpenCraft', {'https://weworkremotely.com/remote-jobs/opencraft-senior-open-source-developer-devops-python-django-react-aws-openstack'})
React Native Developer,('RemoteMore', {'https://weworkremotely.com/remote-jobs/remotemore-react-native-developer-1'})
Full stack Javascript Developer (React.js + Node.js),('UpStack Technologies  Inc.', {'https://weworkremotely.com/remote-jobs/upstack-technologies-inc-full-stack-javascript-developer-react-js-node-js'})
JavaScript Developer (React or Vue or Angular  with Node.js),('RemoteMore', {'https://weworkremotely.com/remote-jobs/remotemore-javascript-developer-react-or-vue-or-angular-with-node-js-1'})
Frontend Engineer (ES8/React/Redux/Saga) ,('Files.com', {'https://weworkremotely.com/remote-jobs/files-com-frontend-engineer-es8-react-redux-saga'})
Senior Rails + React Engineer to help fight evil,('Simplero', {'https://weworkremotely.com/remote-jobs/simplero-senior-rails-react-engineer-to-help-fight-evil'})
Fullstack React Typescript Developer,('CloudDevs', {'https://weworkremotely.com/remote-jobs/clouddevs-fullstack-react-typescript-developer'})
Full Stack React Web Developers,('silverorange', {'https://weworkremotely.com/remote-jobs/silverorange-full-stack-react-web-developers'})
Senior Software Engineer (React  GraphQL / Apollo  NextJS) - Remote,('G2i Inc.', {'https://weworkremotely.com/remote-jobs/g2i-inc-senior-software-engineer-react-graphql-apollo-nextjs-remote'})
Fullstack Developer (React  React Native  Node.js) - Remote,('G2i Inc.', {'https://weworkremotely.com/remote-jobs/g2i-inc-fullstack-developer-react-react-native-node-js-remote'})
Senior React Native Developer,('Hippo Education', {'https://weworkremotely.com/remote-jobs/hippo-education-senior-react-native-developer'})
Senior or Staff Frontend Engineer - React (100% Remote),('Close', {'https://weworkremotely.com/remote-jobs/close-senior-or-staff-frontend-engineer-react-100-remote-1'})
React.js Software Developer - Remote,('UpStack Technologies  Inc.', {'https://weworkremotely.com/remote-jobs/upstack-technologies-inc-react-js-software-developer-remote'})
Senior React Native Mobile Developer Web3 (Remote),('Aldrin', {'https://weworkremotely.com/remote-jobs/aldrin-senior-react-native-mobile-developer-web3-remote-2'})
Senior Frontend Developer (React/React Native) - Remote,('G2i Inc.', {'https://weworkremotely.com/remote-jobs/g2i-inc-senior-frontend-developer-react-react-native-remote'})
Remote Frontend Developer (JavaScript + React),('Toggl', {'https://weworkremotely.com/remote-jobs/toggl-remote-frontend-developer-javascript-react-1'})
Senior Frontend Developer - Javascript React,('Clevertech', {'https://weworkremotely.com/remote-jobs/clevertech-senior-frontend-developer-javascript-react'})
Senior Front-End React Native Engineer,('Maharishi Foundation International', {'https://weworkremotely.com/remote-jobs/maharishi-foundation-international-senior-front-end-react-native-engineer-3'})
React.js Engineer Frontend,('ClickGUARD Inc.', {'https://weworkremotely.com/remote-jobs/clickguard-inc-react-js-engineer-frontend'})
ReactJS Web Developer - Remote/SaaS (m/f/d),('SocialHub', {'https://weworkremotely.com/remote-jobs/socialhub-reactjs-web-developer-remote-saas-m-f-d-1'})
